superficie_afectada_por_incendios_anio;superficie_afectada_por_incendios_provincia;superficie_afectada_por_incendios_total_hectareas;superficie_afectada_por_incendios_bosque_nativo_hectareas;superficie_afectada_por_incendios_bosque_cultivado_hectareas;superficie_afectada_por_incendios_arbustal_hectareas;superficie_afectada_por_incendios_pastizal_hectareas;superficie_afectada_por_incendios_sin_determinar_hectareas
1993;Buenos Aires; -   ; -   ; -   ; -   ; -   ; -   
1993;Catamarca; -   ; -   ; -   ; -   ; -   ; -   
1993;Chaco; -   ; -   ; -   ; -   ; -   ; -   
1993;Chubut;149,5;10;6,25; -   ;133,25; -   
1993;Córdoba;232.941,00;59.995,00;250; -   ;172.696,00; -   
1993;Corrientes;1.727,00; -   ;918; -   ;809; -   
1993;Entre Ríos;75;75; -   ; -   ; -   ; -   
1993;Formosa;31; -   ;26; -   ;5; -   
1993;Jujuy; -   ; -   ; -   ; -   ; -   ; -   
1993;La Pampa;1.207.510,00;1.207.510,00; -   ; -   ; -   ; -   
1993;La Rioja; -   ; -   ; -   ; -   ; -   ; -   
1993;Mendoza; -   ; -   ; -   ; -   ; -   ; -   
1993;Misiones; -   ; -   ; -   ; -   ; -   ; -   
1993;Neuquén;340,85;282,31;6; -   ;52,54; -   
1993;Río Negro;111;108; -   ; -   ;3; -   
1993;Salta; -   ; -   ; -   ; -   ; -   ; -   
1993;San Juan; -   ; -   ; -   ; -   ; -   ; -   
1993;San Luis;330.147,00; -   ; -   ; -   ;330.147,00; -   
1993;Santa Cruz;6.351,00;727; -   ; -   ;5.624,00; -   
1993;Santa Fe; -   ; -   ; -   ; -   ; -   ; -   
1993;Santiago del Estero;13.000,00;9.100,00; -   ; -   ;3.900,00; -   
1993;Tierra del Fuego;28,05;28,05; -   ; -   ; -   ; -   
1993;Tucumán;4.412,00;3.703,00;4; -   ;705; -   
1994;Buenos Aires; -   ; -   ; -   ; -   ; -   ; -   
1994;Catamarca; -   ; -   ; -   ; -   ; -   ; -   
1994;Chaco; -   ; -   ; -   ; -   ; -   ; -   
1994;Chubut;3.296,75;2.157,75;39; -   ;1.100,00; -   
1994;Córdoba;240.196,00;187.812,00;100; -   ;52.284,00; -   
1994;Corrientes;140; -   ;72; -   ;68; -   
1994;Entre Ríos;91;91; -   ; -   ; -   ; -   
1994;Formosa;9; -   ; -   ; -   ;9; -   
1994;Jujuy; -   ; -   ; -   ; -   ; -   ; -   
1994;La Pampa;621.840,00;167.890,00; -   ; -   ; -   ;453.950,00
1994;La Rioja;47.150,00;10.600,00; -   ; -   ;36.550,00; -   
1994;Mendoza; -   ; -   ; -   ; -   ; -   ; -   
1994;Misiones; -   ; -   ; -   ; -   ; -   ; -   
1994;Neuquén;18.050,26;0,18;150,02; -   ;17.900,06; -   
1994;Río Negro;3.271,00;3.063,00;146; -   ;62; -   
1994;Salta; -   ; -   ; -   ; -   ; -   ; -   
1994;San Juan; -   ; -   ; -   ; -   ; -   ; -   
1994;San Luis;25.513,00; -   ; -   ; -   ; -   ;25.513,00
1994;Santa Cruz;1.684,00;43; -   ; -   ;1.641,00; -   
1994;Santa Fe; -   ; -   ; -   ; -   ; -   ; -   
1994;Santiago del Estero;50.000,00;35.000,00; -   ; -   ;15.000,00; -   
1994;Tierra del Fuego;320,04;68,04; -   ; -   ;252; -   
1994;Tucumán;65; -   ; -   ; -   ;65; -   
1995;Buenos Aires;3.000,00; -   ; -   ; -   ;3.000,00; -   
1995;Catamarca; -   ; -   ; -   ; -   ; -   ; -   
1995;Chaco; -   ; -   ; -   ; -   ; -   ; -   
1995;Chubut;3.072,81;982,95;48,66; -   ;2.041,19; -   
1995;Córdoba;300.639,00;122.260,00;1.530,00; -   ;176.849,00; -   
1995;Corrientes;7.899,00; -   ;3.562,00; -   ;4.337,00; -   
1995;Entre Ríos;2.269,00; -   ;2.269,00; -   ; -   ; -   
1995;Formosa;500;500; -   ; -   ; -   ; -   
1995;Jujuy; -   ; -   ; -   ; -   ; -   ; -   
1995;La Pampa;148.720,00;148.720,00; -   ; -   ; -   ; -   
1995;La Rioja;4.514,00;2; -   ; -   ;4.512,00; -   
1995;Mendoza; -   ; -   ; -   ; -   ; -   ; -   
1995;Misiones; -   ; -   ; -   ; -   ; -   ; -   
1995;Neuquén;20.354,12;1.124,99;1; -   ;19.228,13; -   
1995;Río Negro;9.732,30;123,2;42,4; -   ;9.566,70; -   
1995;Salta;660;255;240; -   ;165; -   
1995;San Juan; -   ; -   ; -   ; -   ; -   ; -   
1995;San Luis;196.312,00;75.311,00; -   ; -   ;121.001,00; -   
1995;Santa Cruz;5.695,00; -   ; -   ; -   ;5.695,00; -   
1995;Santa Fe; -   ; -   ; -   ; -   ; -   ; -   
1995;Santiago del Estero;27.294,00;13.919,00; -   ; -   ;13.375,00; -   
1995;Tierra del Fuego;215,95;2,95; -   ; -   ;213; -   
1995;Tucumán;68,54;22,77;0,03; -   ;45,74; -   
1996;Buenos Aires;950; -   ;100; -   ;850; -   
1996;Catamarca;148.709,00;68.728,00; -   ; -   ;79.981,00; -   
1996;Chaco;6.183,76;2.540,00; -   ; -   ;3.643,76; -   
1996;Chubut;11.457,23;9.640,36;76,29; -   ;1.740,58; -   
1996;Córdoba;49.812,00;43.325,00; -   ; -   ;6.487,00; -   
1996;Corrientes;6.981,00; -   ;1.232,00; -   ;5.749,00; -   
1996;Entre Ríos;1.556,00;449;1.107,00; -   ; -   ; -   
1996;Formosa;4.530,00; -   ; -   ; -   ;4.530,00; -   
1996;Jujuy;1.980,00;1.800,00; -   ; -   ;180; -   
1996;La Pampa;20.600,00;20.600,00; -   ; -   ; -   ; -   
1996;La Rioja;975;770;50; -   ;155; -   
1996;Mendoza;6.615,00;2.500,00; -   ; -   ;4.115,00; -   
1996;Misiones;5.305,00;2.430,00;2.235,00; -   ;640; -   
1996;Neuquén;70.258,33;9,84;11,25; -   ;70.237,25; -   
1996;Río Negro;33.743,49;3.336,94;3.995,93; -   ;26.410,62; -   
1996;Salta;2.391,00;815;861; -   ;715; -   
1996;San Luis;15.370,00;15.370,00; -   ; -   ; -   ; -   
1996;Santa Cruz;2.856,25;39; -   ; -   ;2.817,25; -   
1996;Santa Fe;49.038,00;465; -   ; -   ;48.573,00; -   
1996;Santiago del Estero;1.750,00;1.500,00; -   ; -   ;250; -   
1996;Tierra del Fuego;105,11;93,1; -   ; -   ;12,01; -   
1996;Tucumán;31,5; -   ; -   ; -   ;31,5; -   
1997;Buenos Aires;3.902,25;489;334;355,25;2.724,00; -   
1997;Catamarca;45.900,00; -   ; -   ;3.900,00;42.000,00; -   
1997;Chaco;7.660,00;2.711,00;909; -   ;4.040,00; -   
1997;Chubut;3.621,94;151,29;39,95;45,5;3.385,20; -   
1997;Córdoba;39.517,00;22.213,00;169;3.773,00;13.362,00; -   
1997;Corrientes;424;58;50;113;203; -   
1997;Entre Ríos;857;163;353;63;278; -   
1997;Formosa;2.686,00; -   ;4;300;2.382,00; -   
1997;Jujuy;274; -   ;228; -   ;46; -   
1997;La Pampa;31.780,00;31.770,00; -   ;10; -   ; -   
1997;La Rioja;25.003,00; -   ; -   ; -   ;25.003,00; -   
1997;Mendoza;4.100,00;2.450,00; -   ;1.100,00;550; -   
1997;Misiones;2.160,00;54;1.218,00;259;629; -   
1997;Neuquén;17.280,38;40,14;2,05;391,3;16.846,89; -   
1997;Río Negro;10.481,53;5.153,79;418,33;261,77;4.647,63; -   
1997;Salta;40.185,00;23.694,00;1.253,00;7.377,00;7.861,00; -   
1997;San Juan;438,5; -   ;12,5;31,5;394,5; -   
1997;San Luis;6.436,00;2.112,00; -   ;2.282,00;2.042,00; -   
1997;Santa Cruz;21.381,00; -   ;9;6.003,00;15.369,00; -   
1997;Santa Fe;492;40; -   ;38,25;413,75; -   
1997;Santiago del Estero;8.000,00;500; -   ; -   ;7.500,00; -   
1997;Tierra del Fuego;148,08;23; -   ;1;124,08; -   
1997;Tucumán;1.321,00; -   ; -   ; -   ;1.321,00; -   
1998;Buenos Aires;38.970,50;401;1.427,00;1.723,25;35.409,25;10
1998;Catamarca;2.100,00;500; -   ; -   ;1.600,00; -   
1998;Chaco;14.726,26; -   ;0,15; -   ;14.726,11; -   
1998;Chubut;7.671,88;4.045,19;131,55;742,22;2.752,92; -   
1998;Córdoba;20.504,00;8.817,00;4;9.503,00;2.180,00; -   
1998;Corrientes;315; -   ; -   ;152;163; -   
1998;Entre Ríos;461;8;312; -   ;141; -   
1998;Formosa;711,16; -   ; -   ; -   ;711,16; -   
1998;Jujuy;498,61;449;45;4,5;0,11; -   
1998;La Pampa;389.740,00;137.265,00; -   ;252.475,00; -   ; -   
1998;La Rioja;21.012,00;1.802,00; -   ; -   ;19.210,00; -   
1998;Mendoza;111.460,00;12.403,00; -   ;9.433,00;89.624,00; -   
1998;Misiones;5.514,00;286;1.246,00;1.708,00;2.204,00;70
1998;Neuquén;12.392,83;68,05;6,5;15,4;12.302,87; -   
1998;Río Negro;82.698,98;9.384,01;505,2;9.095,16;63.714,61; -   
1998;Salta;23.042,00;14.024,00;105;3.100,00;5.813,00; -   
1998;San Juan;263,5; -   ;1;44,5;218; -   
1998;San Luis;146.637,00;87.015,00; -   ;24.189,00;35.433,00; -   
1998;Santa Cruz;3.483,00; -   ; -   ;25;3.458,00; -   
1998;Santa Fe;534,75; -   ; -   ;36,5;498,25; -   
1998;Santiago del Estero;2.709,00;940; -   ;639;1.130,00; -   
1998;Tierra del Fuego;533,74;53,06; -   ;0,24;480,44; -   
1999;Buenos Aires;41.574,00;1.028,00;2.898,50;3.166,00;34.481,50; -   
1999;Catamarca;1.300,00; -   ; -   ; -   ;1.300,00; -   
1999;Chaco;9.381,47;406; -   ;149,97;8.825,50; -   
1999;Chubut;27.437,74;8.903,63;9,33;3.388,38;15.136,41; -   
1999;Córdoba;59.933,00;22.306,00;65; -   ;37.562,00; -   
1999;Corrientes;8.176,00;12;2.523,00;10;5.631,00; -   
1999;Entre Ríos;20.236,50;7.118,00;9.710,00; -   ;3.408,50; -   
1999;Formosa;6.240,00; -   ; -   ;262;5.978,00; -   
1999;Jujuy;329;43;17;42;227; -   
1999;La Pampa;77.270,00;34.830,00; -   ;42.440,00; -   ; -   
1999;La Rioja;67.025,00;3; -   ;4.000,00;63.022,00; -   
1999;Mendoza;67.238,50;26.246,50;945;25.435,50;14.611,50; -   
1999;Misiones;3.675,00;1.476,00;948;490;761; -   
1999;Neuquén;128.756,19;322,66;27,28;4.646,56;123.759,69; -   
1999;Río Negro;59.385,11;10.870,80;1.167,09;4.584,72;42.762,50; -   
1999;Salta;14.835,00;5.865,00;70;2.190,00;6.710,00; -   
1999;San Juan;1.083,75; -   ; -   ;146,75;937; -   
1999;San Luis;87.157,00;34.729,00; -   ;44.416,00;8.012,00; -   
1999;Santa Cruz;19.097,75;16,25;120,25;6.086,25;12.875,00; -   
1999;Santa Fe;363,79;44;1;9,52;309,27; -   
1999;Santiago del Estero;1.200,00;300; -   ;400;500; -   
1999;Tierra del Fuego;213,81;88,83;0,04; -   ;124,93; -   
1999;Tucumán;2.818,00; -   ;10;5;2.803,00; -   
2000;Buenos Aires;17.926,50;1.116,00;398,5;1.901,50;14.510,50; -   
2000;Catamarca;77.233,00;27.000,00;4;26.034,00;24.195,00; -   
2000;Chaco;2.639,05;169;30;106,7;2.333,35; -   
2000;Chubut;133,6;26,88;15,7;42,01;49,01; -   
2000;Ciudad Autónoma de Buenos Aires;32;1,5;0,5;2;28; -   
2000;Córdoba;89.920,00;20.637,95;1.198,15;32.676,95;35.406,95; -   
2000;Corrientes;6.014,20;12;3.168,50;564,2;2.269,50; -   
2000;Entre Ríos;1.175,00;646;203;145;181; -   
2000;Formosa;731,5; -   ; -   ;64;667,5; -   
2000;Jujuy;1.167,00;18;400;109;640; -   
2000;La Pampa;1.411.981,40;290.153,70; -   ;1.099.827,70;22.000,00; -   
2000;La Rioja;52.178,00;10.880,00;45;11.908,00;29.345,00; -   
2000;Mendoza;609.834,00;385.778,90;507;71.183,80;152.364,30; -   
2000;Misiones;3.862,47;161;462,47;1.256,00;1.983,00; -   
2000;Neuquén;15.180,51;0,04;0,31;9,51;15.170,65; -   
2000;Río Negro;155.753,09;27.619,02;1.374,43;17.143,58;109.616,06; -   
2000;Salta;30.793,00;15.533,00;2.128,00;4.469,00;8.663,00; -   
2000;San Juan;803,5; -   ; -   ;6,75;796,75; -   
2000;San Luis;299.556,00;149.100,00; -   ;118.456,00;32.000,00; -   
2000;Santa Cruz;7.378,25;122,25; -   ;1.579,00;5.677,00; -   
2000;Santa Fe;2.087,00;127,5;117,5;353,5;1.488,50; -   
2000;Santiago del Estero;4.732,00;2.730,00;4;832;1.166,00; -   
2000;Tierra del Fuego;22,41;22,31; -   ; -   ;0,1; -   
2000;Tucumán;15.800,00;11.800,00; -   ; -   ;4.000,00; -   
2001;Buenos Aires;75.569,87;19.997,57;730,68;16.430,64;38.410,97; -   
2001;Catamarca;1.916,00; -   ; -   ;107;1.809,00; -   
2001;Chaco;6.289,18;55,05;151;575,6;5.507,53; -   
2001;Chubut;5.885,48;4.425,41;836,78;570,19;53,11; -   
2001;Ciudad Autónoma de Buenos Aires;15,95; -   ; -   ;0,2;15,75; -   
2001;Córdoba;83.173,00;19.234,00;313;5.334,00;58.292,00; -   
2001;Corrientes;2.824,00;762;494;2;1.566,00; -   
2001;Entre Ríos;480,7;67;199,2;79;135,5; -   
2001;Formosa;5.596,00; -   ; -   ;502;5.094,00; -   
2001;Jujuy;134,3; -   ;34,5;24,5;75,3; -   
2001;La Pampa;2.913.817,00;579.124,00; -   ;2.334.693,00; -   ; -   
2001;La Rioja;65.038,00;7.400,00; -   ;40;57.598,00; -   
2001;Mendoza;420.340,00;241.056,00;496,8;107.521,00;71.266,20; -   
2001;Misiones;2.923,50;156;113,5;746;1.908,00; -   
2001;Neuquén;22.551,78;0,08;0;12,5;22.539,20; -   
2001;Río Negro;938.044,58;35.393,25;16.326,55;352.575,38;533.749,39; -   
2001;Salta;47.611,00;11.442,00;438;11.864,00;23.867,00; -   
2001;San Juan;574,5;1; -   ;43,75;529,75; -   
2001;San Luis;90.105,00;54.655,00; -   ;19.250,00;16.200,00; -   
2001;Santa Cruz;4.704,75;500,5; -   ;1.135,50;3.068,75; -   
2001;Santa Fe;2.399,00;7;8;77,5;2.306,50; -   
2001;Santiago del Estero;1.382,00;1.140,00; -   ;19;223; -   
2001;Tierra del Fuego;57,1;56,84; -   ;0,1;0,16; -   
2001;Tucumán;600; -   ; -   ; -   ;600; -   
2002;Buenos Aires;104.906,82;31.432,89;1.330,75;4.154,42;67.988,76; -   
2002;Catamarca;43.524,77;9.097,00;300,25;2.923,75;31.203,76; -   
2002;Chaco;144,97;1,11; -   ;44,29;99,57; -   
2002;Chubut;7.640,76;155,66;16,82;7.267,86;200,43; -   
2002;Córdoba;104.773,00;25.734,00;8.449,00;28.510,00;42.080,00; -   
2002;Corrientes;4.025,00;1.046,00;735;243;2.001,00; -   
2002;Entre Ríos;496;236;118,5;31;110,5; -   
2002;Formosa;9.687,00;4; -   ;14;9.669,00; -   
2002;Jujuy;139,5;14;53,7;28,5;43,3; -   
2002;La Pampa;985.793,00;304.458,00; -   ;668.185,00;13.150,00; -   
2002;La Rioja;78.422,00;40.447,00; -   ; -   ;37.975,00; -   
2002;Mendoza;333.429,50;90.001,91;1.500,00;127.066,04;114.861,55; -   
2002;Misiones;575,23;49,3;197,86;105,5;222,57; -   
2002;Neuquén;8.440,09;939,98;2,61;1,61;7.495,88; -   
2002;Río Negro;333.616,78;80.875,63;2.979,51;181.768,86;67.992,78; -   
2002;Salta;36.516,00;9.682,00;611;9.596,00;16.627,00; -   
2002;San Juan;984;14,25;48;3,5;918,25; -   
2002;San Luis;178.112,00;178.102,00;10; -   ; -   ; -   
2002;Santa Cruz;9.865,00;4.022,00;0,75;592,5;5.249,75; -   
2002;Santa Fe;2.544,75;428,77;108,39;172,81;1.834,78; -   
2002;Santiago del Estero;8.017,70;5.774,20; -   ;2;2.241,50; -   
2002;Tierra del Fuego;23,12;19,04; -   ;0,21;3,87; -   
2002;Tucumán;1.048,50;85; -   ;33,5;930; -   
2003;Buenos Aires;569.735,82;19.535,65;1.301,04;2.749,73;546.149,41; -   
2003;Catamarca;11.080,00;6.880,00; -   ;1.505,00;2.695,00; -   
2003;Chaco;16.978,40;1.549,00;44;271;15.114,40; -   
2003;Chubut;44.659,45;41,15;29,98;42.840,66;1.747,66; -   
2003;Ciudad Autónoma de Buenos Aires;14; -   ; -   ; -   ;14; -   
2003;Córdoba;127.545,00;51.474,00;3.308,00;1;72.762,00; -   
2003;Corrientes;2.132,00;1.109,00;512; -   ;511; -   
2003;Entre Ríos;1.381,00;399,5;322,5;250,5;408,5; -   
2003;Formosa;7.585,60;401,6;305;194;6.685,00; -   
2003;Jujuy;258,8;19,5;15,5;65;158,8; -   
2003;La Pampa;853.921,00;418.363,00; -   ;412.138,00;23.420,00; -   
2003;La Rioja;125.968,00;99.233,00;2.006,00; -   ;24.729,00; -   
2003;Mendoza;612.387,40;115.423,10; -   ;225.902,60;271.061,70; -   
2003;Misiones;4.381,07;4,5;1.217,26;967,5;2.191,82; -   
2003;Neuquén;17.908,22;110,66;270,88;2.787,95;14.738,74; -   
2003;Río Negro;448.243,66;48.349,95;4.326,91;220.822,71;174.744,09; -   
2003;Salta;54.857,00;10.660,00;1.584,00;15.008,00;27.605,00; -   
2003;San Juan;2.658,50; -   ;15,25;175;2.468,25; -   
2003;San Luis;217.720,00;217.720,00; -   ; -   ; -   ; -   
2003;Santa Cruz;15.494,25;10.145,00; -   ;691,25;4.658,00; -   
2003;Santa Fe;4.421,00;1.255,50;53,5;178;2.934,00; -   
2003;Santiago del Estero;3.474,10;1.933,00; -   ;560;981,1; -   
2003;Tierra del Fuego;0,31;0,23; -   ;0,08;0; -   
2003;Tucumán;3.563,00;351;21,5;44;3.146,50; -   
2004;Buenos Aires;23.706,41;1.537,90;1.446,12;3.038,64;17.683,75; -   
2004;Catamarca;2.174,50;1; -   ;249;1.924,50; -   
2004;Chaco;5.257,40;427,5;12;279,4;4.538,50; -   
2004;Chubut;2.459,11;637,25;267,96;1.139,43;414,47; -   
2004;Ciudad Autónoma de Buenos Aires;45;0,25; -   ; -   ;44,75; -   
2004;Córdoba;11.473,00;4.600,00;41;63;6.769,00; -   
2004;Corrientes;5.159,00; -   ;1.507,00; -   ;3.652,00; -   
2004;Entre Ríos;4.133,12;634,9;1.018,50;991;1.488,72; -   
2004;Formosa;2.095,00; -   ; -   ;124;1.971,00; -   
2004;Jujuy;9.796,00;1.171,00;129;3.145,00;5.351,00; -   
2004;La Pampa;239.677,85;17.875,00; -   ;110.920,00;110.882,85; -   
2004;La Rioja;18.231,00;9.400,00; -   ;302;8.529,00; -   
2004;Mendoza;59.759,00;15.766,00; -   ;21.016,90;22.976,10; -   
2004;Misiones;2.416,85;15;691,05;520,5;1.190,30; -   
2004;Neuquén;25.379,84;422,28;26,36;4.442,20;20.488,99; -   
2004;Río Negro;40.424,77;6.287,66;631,33;11.489,40;22.016,38; -   
2004;Salta;64.675,00;11.363,00;2.448,00;18.605,00;32.259,00; -   
2004;San Juan;855,5; -   ;18,75;72,25;764,5; -   
2004;Santa Cruz;6.450,75;142,25;11;863,5;5.434,00; -   
2004;Santa Fe;27.430,00;1.378,00;4.682,00;899;20.471,00; -   
2004;Santiago del Estero;7.180,00;4.300,00; -   ; -   ;2.880,00; -   
2004;Tierra del Fuego;25,7;21,03; -   ;0,68;0,5;3,5
2004;Tucumán;968,2;104,4;7,5;50,8;805,5; -   
2005;Buenos Aires;39.798,59;4.170,82;806,49;1.457,43;33.363,85; -   
2005;Catamarca;31.057,50; -   ;0,5;6.329,00;24.728,00; -   
2005;Chaco;5.143,26;335;300;908,8;3.599,46; -   
2005;Chubut;5.392,07;998,77;89,09;993,23;3.310,98; -   
2005;Ciudad Autónoma de Buenos Aires;28; -   ; -   ; -   ;28; -   
2005;Córdoba;16.910,00;3.866,00;4.118,00;382;8.544,00; -   
2005;Corrientes;56.594,90; -   ;3.805,90; -   ;52.789,00; -   
2005;Entre Ríos;2.713,90;145,7;2.173,40;173,5;221,3; -   
2005;Formosa;7.943,00; -   ; -   ;120;7.823,00; -   
2005;Jujuy;3.655,44;850;759;566,09;1.480,35; -   
2005;La Pampa;313.526,00;58.290,00;207;118.868,00;136.161,00; -   
2005;La Rioja;680;639; -   ; -   ;41; -   
2005;Mendoza;64.985,50;6.360,90; -   ;20.177,10;38.447,50; -   
2005;Misiones;8.966,00;1.526,50;414,5;3.719,00;3.306,00; -   
2005;Neuquén;22.962,47;214,19;1.805,52;1.973,17;18.969,60; -   
2005;Río Negro;303.278,85;92.277,23;387,5;96.019,26;114.594,86; -   
2005;Salta;61.778,00;10.876,00;3.330,00;17.414,00;30.158,00; -   
2005;San Juan;995,75; -   ;4;230,25;761,5; -   
2005;San Luis;22.562,20;22.314,00; -   ; -   ;248,2; -   
2005;Santa Cruz;9.398,12;57,2;35,83;2.010,50;7.294,59; -   
2005;Santa Fe;1.911,00;15;177;114;1.605,00; -   
2005;Santiago del Estero;8.000,00;3.300,00; -   ; -   ;4.700,00; -   
2005;Tierra del Fuego;17,3;8,92; -   ;0,03;7,85;0,5
2005;Tucumán;2.951,00; -   ; -   ;125,2;2.825,80; -   
2006;Buenos Aires;168.086,24;648,82;796,26;694,07;165.947,09; -   
2006;Catamarca;4.856,00;0,5; -   ;1.791,70;3.063,80; -   
2006;Chaco;37.606,18;15.943,50;4.250,00;1.153,88;16.258,80; -   
2006;Chubut;330,72;74,54;129,11;74,72;52,35; -   
2006;Córdoba;61.769,00;23.498,00;124;15.160,00;22.987,00; -   
2006;Corrientes;7.370,00; -   ;7.370,00; -   ; -   ; -   
2006;Entre Ríos;4.804,90;344,9;2.856,90;870,1;733; -   
2006;Formosa;1.691,00; -   ; -   ;94;1.597,00; -   
2006;Jujuy;5.875,44;31,44;14,7;107,54;5.721,77; -   
2006;La Pampa;137.390,00;34.170,00;200;56.690,00;46.330,00; -   
2006;La Rioja;7.678,00;7.500,00; -   ; -   ;178; -   
2006;Mendoza;60.499,80;4.906,00;395,9;12.302,49;42.895,41; -   
2006;Misiones;2.955,71;23,5;848,55;20,1;2.063,56; -   
2006;Neuquén;7.664,52;600,22;222,81;4.368,60;2.472,81;0,08
2006;Río Negro;141.791,43;14.222,13;186,46;61.491,51;65.891,34; -   
2006;Salta;41.162,50;8.060,00;1.924,50;12.980,50;18.197,50; -   
2006;San Juan;656; -   ; -   ;121,75;534,25; -   
2006;San Luis;20.832,00;8.440,00; -   ; -   ;12.392,00; -   
2006;Santa Cruz;3.125,52;1,5;2,08;1.581,45;1.540,50; -   
2006;Santa Fe;3.047,00;100;607;75;2.265,00; -   
2006;Santiago del Estero;15.000,00;12.300,00; -   ; -   ;2.700,00; -   
2006;Tierra del Fuego;0,76;0,4;0; -   ; -   ;0,36
2006;Tucumán;2.146,80; -   ;98;139,3;1.909,50; -   
2007;Buenos Aires;19.106,48;1.392,15;1.553,07;267,95;15.893,31; -   
2007;Catamarca;24.754,60; -   ;59;4.745,70;19.949,90; -   
2007;Chaco;26.213,10;3.559,00; -   ;373;22.281,10; -   
2007;Chubut;756,42;47,1;213,59;290,83;204,9; -   
2007;Ciudad Autónoma de Buenos Aires;8,02; -   ;0; -   ;8,02; -   
2007;Córdoba;11.369,00;4.371,00; -   ;472;6.526,00; -   
2007;Corrientes;569;25;0;29;515; -   
2007;Entre Ríos;549,32;79,5;150;96,82;223; -   
2007;Formosa;3.056,00;16;4;31;3.005,00; -   
2007;Jujuy;1.498,24;39,49;545,65;284,3;628,8; -   
2007;La Pampa;22.255,00;7.156,00;500;10.888,00;3.711,00; -   
2007;La Rioja;200;19;8;67;106; -   
2007;Mendoza;16.167,00;1.671,60;12;5.169,30;9.314,10; -   
2007;Misiones;295,5; -   ;37;20;238,5; -   
2007;Neuquén;1.153,77;29,45;23,01;546,46;554,86; -   
2007;Río Negro;43.544,83;24,53;10,68;18.434,12;25.075,49; -   
2007;Salta;36.809,00;6.993,00;1.206,00;11.717,00;16.893,00; -   
2007;San Juan;1.346,00; -   ; -   ;160,75;1.185,25; -   
2007;San Luis;25.660,00;4.884,00; -   ;8.571,00;12.205,00; -   
2007;Santa Cruz;9.023,83;2,1;1,5;1.816,45;7.203,78; -   
2007;Santa Fe;2.794,00;98;95;519;2.082,00; -   
2007;Santiago del Estero;4.545,00; -   ; -   ;950;3.595,00; -   
2007;Tierra del Fuego;15,53;1,85; -   ;3,84;8,97;0,87
2007;Tucumán;861,6;39,5;2,5;160,3;659,3; -   
2008;Buenos Aires;68.824,37;2.083,26;10.462,31;2.204,19;54.074,61; -   
2008;Catamarca;12.544,60;2.840,00;274,4;5.135,40;4.294,80; -   
2008;Chaco;2.873,00;718; -   ;246;1.909,00; -   
2008;Chubut;9.286,78;3.459,09;779,86;1.536,10;3.511,73; -   
2008;Ciudad Autónoma de Buenos Aires;2,34;0,3; -   ;0;2,03; -   
2008;Córdoba;61.541,65;15.603,00;2;18.228,00;27.708,65; -   
2008;Corrientes;8.053,00;2.880,00;3.161,00; -   ;2.012,00; -   
2008;Entre Ríos;77.893,10;2.037,10;1.314,60;27.341,70;47.199,70; -   
2008;Formosa;4.165,00;30; -   ;131;4.004,00; -   
2008;Jujuy;2.646,57;190,93;391,81;1.399,57;664,26; -   
2008;La Pampa;97.486,00;41.315,00; -   ;22.166,00;34.005,00; -   
2008;La Rioja;1.016,60;70,1; -   ;324,9;621,6; -   
2008;Mendoza;88.526,50;826,5;1,3;10.016,30;77.682,40; -   
2008;Misiones;1.473,45;83,1;385,15;238,05;767,15; -   
2008;Neuquén;872,37;135,65;33,11;217,12;486,49; -   
2008;Río Negro;20.348,51;7,9;20,28;5.668,79;14.651,55; -   
2008;Salta;27.391,00;4.428,00;1.294,00;8.554,00;13.115,00; -   
2008;San Juan;1.122,75;120;15;148;839,75; -   
2008;San Luis;24.150,00;3.070,00;2.000,00; -   ;19.080,00; -   
2008;Santa Cruz;55.298,90;3,25; -   ;33.455,84;21.839,81; -   
2008;Santa Fe;5.001,00;234;179;284;4.304,00; -   
2008;Santiago del Estero;24.633,00; -   ; -   ;3.773,00;20.860,00; -   
2008;Tierra del Fuego;7.395,38;4.846,28; -   ;0,09;60,51;2.488,50
2008;Tucumán;244,6;19,5; -   ;40,5;184,6; -   
2009;Buenos Aires;34.077,89;10.031,72;1.939,92;285,51;21.820,73; -   
2009;Catamarca;54.253,40;7.604,95;5.429,25;6.611,45;34.607,75; -   
2009;Chaco;3.442,00;875; -   ;241;2.326,00; -   
2009;Chubut;367,83;106,82;28,03;138,41;94,57; -   
2009;Ciudad Autónoma de Buenos Aires;65,47;5; -   ;5;55,06;0,41
2009;Córdoba;70.247,00;21.884,00;120;10.500,00;37.743,00; -   
2009;Corrientes;15.560,00;545;5.037,00;3;9.975,00; -   
2009;Entre Ríos;804; -   ;252; -   ;552; -   
2009;Formosa;1.378,31; -   ; -   ;152;1.226,31; -   
2009;Jujuy;1.668,01;334,36;274,96;388,34;670,35; -   
2009;La Pampa;24.926,00;12.386,00;40;2.500,00;10.000,00; -   
2009;La Rioja;3.980,00;100; -   ;1.010,00;2.870,00; -   
2009;Mendoza;25.295,75;243,5;2;5.485,15;19.565,10; -   
2009;Misiones;1.477,60;248;507,5;83,55;638,55; -   
2009;Neuquén;209,47;29,55;4,93;28,95;146,05; -   
2009;Río Negro;14.753,95;1.321,61;808,28;3.850,23;8.773,83; -   
2009;Salta;35.051,00;4.555,00;1.116,00;11.081,00;18.299,00; -   
2009;San Juan;1.164,50; -   ; -   ;125,5;1.039,00; -   
2009;San Luis;486.563,00;37.445,00; -   ;324.669,00;124.449,00; -   
2009;Santa Cruz;9.848,20;0; -   ;5.095,55;4.752,65; -   
2009;Santa Fe;3.887,00;22;293;62;3.510,00; -   
2009;Santiago del Estero;39.540,00;8.090,00; -   ;4.800,00;26.650,00; -   
2009;Tierra del Fuego;35,39;34,36; -   ;0,53;0,5; -   
2009;Tucumán;4.993,25;804;90;882;3.217,25; -   
2010;Buenos Aires;8.670,64;1.450,50;551;513,5;6.155,64; -   
2010;Catamarca;15.830,60;564,18; -   ;1.683,27;13.583,15; -   
2010;Chaco;3.917,03;972,5;507;209;2.228,53; -   
2010;Chubut;1.261,95;175,61;26,36;528,74;531,25; -   
2010;Ciudad Autónoma de Buenos Aires;0,48; -   ; -   ; -   ;0,48; -   
2010;Córdoba;10.305,00;2.233,00;790; -   ;7.282,00; -   
2010;Corrientes;820,42; -   ;38,42;4;717,9;60,1
2010;Entre Ríos;1.692,20;801,5;310,5;35;545,2; -   
2010;Jujuy;27.144,97;24.461,00;235,18;549,11;1.899,68; -   
2010;La Pampa;18.391,00;1.360,00;190;874;15.967,00; -   
2010;La Rioja;29.271,00; -   ;130;5.467,00;23.674,00; -   
2010;Mendoza;54.196,05;3.712,00;156,9;5.528,45;44.798,70; -   
2010;Misiones;546;3;80,5;74,5;388; -   
2010;Neuquén;595,24;5,11;18,77;91,67;479,69; -   
2010;Río Negro;645,2;8,28;6,16;181,75;449,02; -   
2010;Salta;3.945,00;379;161;462,5;2.942,50; -   
2010;San Juan;1.087,25; -   ; -   ;151,75;935,5; -   
2010;San Luis;32.325,00;9.780,00; -   ;9.143,00;13.402,00; -   
2010;Santa Cruz;40,75;3,5; -   ;7,75;29,5; -   
2010;Santa Fe;2.767,00;18;201;236;2.312,00; -   
2010;Santiago del Estero;5.395,00;1.050,00; -   ; -   ;4.345,00; -   
2010;Tierra del Fuego;5,96;2,55; -   ;2,81;0,6; -   
2011;Buenos Aires;3.354,03;229,05;656,78;90,3;2.377,90; -   
2011;Catamarca;12.723,35;4.165,00; -   ;4.346,61;4.211,75; -   
2011;Chaco;8.848,06;2.526,00;503;245;5.574,06; -   
2011;Chubut;4.169,14;1.236,29;226,14;1.272,69;1.434,02; -   
2011;Ciudad Autónoma de Buenos Aires;7,77;1,43; -   ;1;5,34; -   
2011;Córdoba;71.293,00;24.569,00; -   ;5.778,00;40.946,00; -   
2011;Corrientes;5.876,20; -   ;1.359,30;20;4.304,50;192,4
2011;Entre Ríos;2.025,00;34; -   ;21;1.970,00; -   
2011;Formosa;2.414,90;338,4; -   ;317;1.759,50; -   
2011;Jujuy;1.342,43;327,26;82,74;143,41;789,03; -   
2011;La Pampa;78.022,00;7.300,00;150;3.000,00;67.572,00; -   
2011;La Rioja;1.390,00; -   ; -   ;70;1.320,00; -   
2011;Mendoza;10.907,65;427,3;1;2.303,25;8.176,10; -   
2011;Misiones;502;14,5;149,5;33,5;304,5; -   
2011;Neuquén;10.682,69;671,12;283,85;5.045,30;4.682,43; -   
2011;Río Negro;15.354,72;4,78;11,03;6.232,91;9.106,00; -   
2011;Salta;1.909,40;166,75;117,75;170,65;1.454,25; -   
2011;San Juan;20.136,00;20;280;301,5;19.534,50; -   
2011;San Luis;18.600,00;4.218,00; -   ;5.842,00;8.540,00; -   
2011;Santa Cruz;62,64;1,61; -   ;22,03;39; -   
2011;Santa Fe;2.490,29;61,7;196,82;138;2.093,77; -   
2011;Santiago del Estero;10.953,62;7.388,29; -   ; -   ;3.565,33; -   
2011;Tierra del Fuego;96,62;79,77; -   ;10,51;6,34; -   
2012;Buenos Aires;98,13;0,3;10,27;4;83,56; -   
2012;Catamarca;4.651,49;3,6;5,45;590,53;4.051,92; -   
2012;Chaco;7.770,90;4.317,00;138;60;3.255,90; -   
2012;Chubut;4.698,38;3.305,65;261,25;412,32;719,16; -   
2012;Ciudad Autónoma de Buenos Aires;0,48;0; -   ;0;0,47; -   
2012;Córdoba;11.130,00;4.036,00; -   ;295;6.799,00; -   
2012;Corrientes;3.556,82; -   ;769,5; -   ;2.787,32; -   
2012;Entre Ríos;2.422,80;1.590,80;481,5;19;331,5; -   
2012;Formosa;5.959,20; -   ; -   ;320;5.639,20; -   
2012;Jujuy;8.674,78;1.503,47;750,16;1.004,03;5.417,13; -   
2012;La Pampa;30.202,00;14.644,00; -   ;500;15.058,00; -   
2012;La Rioja;391;6;26;7;352; -   
2012;Mendoza;7.006,25;259,6;9;1.152,75;5.584,90; -   
2012;Misiones;2.143,00;220;445;274,5;1.203,50; -   
2012;Neuquén;16.057,55;396,98;630,6;6.596,96;8.433,02; -   
2012;Río Negro;3.093,47;375,55;6,37;973,95;1.737,60; -   
2012;Salta;1.797,57;114,85;67,71;319,07;1.295,94; -   
2012;San Juan;635,5;3;19,5;48;565; -   
2012;San Luis;50.201,00;5.841,00; -   ;9.868,00;34.492,00; -   
2012;Santa Cruz;20.499,02;1.000,00;11.000,00;8.419,50;79,52; -   
2012;Santa Fe;2.530,50;5;115;164;2.246,50; -   
2012;Santiago del Estero;8.970,00;5.510,00; -   ; -   ;3.460,00; -   
2012;Tierra del Fuego;2.575,85;2.575,18; -   ;0,07;0,6; -   
2012;Tucumán;1.992,00;58; -   ;458;1.476,00; -   
2013;Buenos Aires;1.967,87;37,9;11,52;15,3;1.903,15; -   
2013;Catamarca;6.507,39;158,85; -   ;2.087,99;4.260,55; -   
2013;Chaco;8.852,02;710;868;2;7.272,02; -   
2013;Chubut;106,92;68,64;0,67;30,34;7,26; -   
2013;Ciudad Autónoma de Buenos Aires;32,33; -   ; -   ;0;32,33; -   
2013;Córdoba;105.179,00;25.620,00;7.000,00;3.550,00;69.009,00; -   
2013;Corrientes;1.103,21;154;756,5;26,5;166,21; -   
2013;Entre Ríos;11.840,00;1.185,00;324;41;10.290,00; -   
2013;Formosa;11.292,77;764; -   ;7.318,00;3.210,77; -   
2013;Jujuy;32.041,78;18.307,62;1.833,37;6.529,69;5.371,11; -   
2013;La Pampa;83.360,00;44.756,00;700;9.437,00;28.467,00; -   
2013;La Rioja;506; -   ;50;16;440; -   
2013;Mendoza;77.017,95;1.776,30;4.518,50;21.238,75;49.484,40; -   
2013;Misiones;870;8;47,5;137;677,5; -   
2013;Neuquén;2.449,30;1.432,31;15,65;441,22;560,12; -   
2013;Río Negro;1.732,12;60,97;10,02;205,99;1.455,15; -   
2013;Salta;18.146,14; -   ;0,67;1.198,00;16.947,47; -   
2013;San Juan;451,5;80;0,5;63,5;307,5; -   
2013;San Luis;54.693,00;1.617,00; -   ;24.425,00;28.651,00; -   
2013;Santa Cruz;1.504,15;1; -   ;456,5;1.046,65; -   
2013;Santa Fe;2.478,00;132;86;86;2.174,00; -   
2013;Santiago del Estero;6.062,00;3.270,00; -   ; -   ;2.792,00; -   
2013;Tierra del Fuego;10,03;2,76; -   ;0,85;6,43; -   
2013;Tucumán;6.429,00;104; -   ; -   ;6.325,00; -   
2014;Buenos Aires;66.103,55;4.881,79;533,21;1.499,60;59.188,95; -   
2014;Catamarca;10.366,62;3,4;8;1.097,33;9.257,89; -   
2014;Chaco;5.244,80;72;78,5;133;4.961,30; -   
2014;Chubut;147,73;1,03;1,99;32,94;111,77; -   
2014;Ciudad Autónoma de Buenos Aires;0,2; -   ; -   ;0,01;0,19; -   
2014;Córdoba;4.196,00; -   ; -   ;200;3.996,00; -   
2014;Corrientes;1.639,99;54,23;1.018,00;25;542,76; -   
2014;Entre Ríos;1.536,00;517;83;5;931; -   
2014;Formosa;7.820,89;10,79; -   ;207,46;7.602,65; -   
2014;Jujuy;1.447,73;20,58;24,53;143,24;1.259,39; -   
2014;La Pampa;490.635,40;143.008,80;16,8;216.073,17;131.536,63; -   
2014;La Rioja;1.814,00; -   ;72;6;1.736,00; -   
2014;Mendoza;66.156,00;2.809,50; -   ;11.003,00;52.343,50; -   
2014;Misiones;959;32;94;211;622; -   
2014;Neuquén;626,67;31,11;24,31;279,61;291,64; -   
2014;Río Negro;49.373,68;4,34;4,3;14.697,10;34.667,94; -   
2014;Salta;1.614,99;12; -   ;71,46;1.531,53; -   
2014;San Juan;566; -   ; -   ;15,5;550,5; -   
2014;San Luis;52.493,00;2.530,00; -   ;448;49.515,00; -   
2014;Santa Cruz;277,02;184,92; -   ;46,04;46,06; -   
2014;Santa Fe;739; -   ;90;1;648; -   
2014;Santiago del Estero;1.471,00;27;47;290;1.107,00; -   
2014;Tierra del Fuego;8,98;0,54; -   ;0,57;7,88; -   
2014;Tucumán;120; -   ; -   ;40;80; -   
2015;Buenos Aires;5.730,04;172,5;791,65;98,65;4.667,24; -   
2015;Catamarca;10.851,78;8,44;54,78;2.524,40;8.264,16; -   
2015;Chaco;4.219,50;25;110;41;4.043,50; -   
2015;Chubut;40.346,98;26.986,85;195,23;6.600,60;6.564,31; -   
2015;Ciudad Autónoma de Buenos Aires;6; -   ; -   ;0;6; -   
2015;Córdoba;1.280,00;720;50; -   ;510; -   
2015;Corrientes;12.227,00; -   ; -   ; -   ;12.227,00; -   
2015;Entre Ríos;1.530,00;503;24;46;957; -   
2015;Formosa;794,44;5,99;20,65;231,8;536; -   
2015;Jujuy;1.908,35;48,78;44,55;349,67;1.465,36; -   
2015;La Pampa;213.804,00;92.782,00;5;85.109,75;35.039,25;868
2015;La Rioja;511; -   ;58;26;427; -   
2015;Mendoza;19.788,35;1.025,60;86;5.203,35;13.473,40; -   
2015;Misiones;378; -   ;43;84;251; -   
2015;Neuquén;20.564,49;1,03;2,54;10.239,24;10.321,69; -   
2015;Río Negro;105.108,23;47,22;32,24;37.567,90;67.460,88; -   
2015;Salta;1.094,45;34,47;2,61;218,56;838,81; -   
2015;San Juan;591,25; -   ;5;52;534,25; -   
2015;San Luis;33.198,00;3.555,00;1.835,00;9.941,00;17.867,00; -   
2015;Santa Cruz;158,5;0,5;1,5;64;92,5; -   
2015;Santa Fe;1.177,00;127;38;73;939; -   
2015;Santiago del Estero;1.975,00;591;5;834;545; -   
2015;Tierra del Fuego;5,36;2,21; -   ;0,84;2,31; -   
2015;Tucumán;115,3; -   ; -   ;25,5;89,8; -   
2016;Buenos Aires;59.295,89;2.058,60;404,26;355,5;56.477,53; -   
2016;Catamarca;27.495,69;1.396,37;171,57;3.872,78;22.054,97; -   
2016;Chaco;9.129,20;15;25;8;9.081,20; -   
2016;Chubut;9.552,33;6.327,30;41,93;2.516,80;666,29; -   
2016;Ciudad Autónoma de Buenos Aires;12.629,00; -   ; -   ; -   ;12.629,00; -   
2016;Córdoba;3.540,70;316,7; -   ;873,1;2.350,90; -   
2016;Corrientes;9.980,00;1.400,00; -   ; -   ;8.580,00; -   
2016;Entre Ríos;3.030,00;1.126,00;19;150;1.735,00; -   
2016;Formosa;614,9; -   ; -   ;133,07;481,83; -   
2016;Jujuy;2.010,16;470,88;53,35;749,96;735,97; -   
2016;La Pampa;615.182,00;157.249,90;18,5;243.851,10;214.062,50; -   
2016;La Rioja;334; -   ; -   ;9;325; -   
2016;Mendoza;93.529,30;4.498,50;884,5;13.664,90;74.481,40; -   
2016;Misiones;2.665,00;30;14;152;2.469,00; -   
2016;Neuquén;38.356,06;37,91;10,63;892,95;37.414,57; -   
2016;Río Negro;60.175,91;67,07;11,51;12.350,41;47.746,92; -   
2016;Salta;4.665,82;310,56;529,5;525,4;3.300,36; -   
2016;San Juan;2.099,50; -   ;160;1,25;1.938,25; -   
2016;San Luis;97.861,00;123; -   ;18.344,00;79.394,00; -   
2016;Santa Cruz;1.035,63;31,4; -   ;473,6;530,63; -   
2016;Santa Fe;1.107,00;102;87;98;820; -   
2016;Santiago del Estero;1.675,00;34; -   ;782;859; -   
2016;Tierra del Fuego;10,02;5,1; -   ;0,7;4,23; -   
2016;Tucumán;90; -   ; -   ; -   ;90; -   
2017;Buenos Aires;7.696,47;231,37;358,62;55;7.051,48; -   
2017;Catamarca;45.170,12;0,83;390,6;813,97;43.964,73; -   
2017;Chaco;4.923,99;1.243,00;167;323,43;3.190,56; -   
2017;Chubut;521,44;186,66;17,39;186,48;130,9; -   
2017;Ciudad Autónoma de Bs As;0; -   ; -   ; -   ;0; -   
2017;Córdoba;45.343,40;11.922,20;410;3.922,00;29.089,20; -   
2017;Corrientes;2.388,39;256,03;1.249,58; -   ;882,78; -   
2017;Entre Ríos;372;47;3;102;220; -   
2017;Formosa;1.342,63; -   ;0,65;31,45;1.310,53; -   
2017;Jujuy;2.105,63;584,01;71,31;707,08;743,23; -   
2017;La Pampa;964.407,50;455.174,80; -   ;322.306,50;186.926,20; -   
2017;La Rioja;734; -   ; -   ; -   ;734; -   
2017;Mendoza;418.798,80;78.524,00;244,6;146.563,30;193.466,90; -   
2017;Misiones;1.775,00; -   ;61;4;1.710,00; -   
2017;Neuquén;6.787,27;228;89,15;1.610,83;4.859,29; -   
2017;Río Negro;61.076,46;5,54;3,24;11.970,73;49.096,95; -   
2017;Salta;4.477,39;101,8;8,7;1.961,43;2.405,46; -   
2017;San Juan;12.021,50; -   ; -   ;115;11.906,50; -   
2017;San Luis;39; -   ; -   ; -   ;39; -   
2017;Santa Cruz;303,2; -   ; -   ;5,2;298; -   
2017;Santa Fe;1.303,00;75;123;101;1.004,00; -   
2017;Santiago del Estero;1.784,00;10;31;752;991; -   
2017;Tierra del Fuego;5,21;1,57;2,13;0,74;0,78; -   
2017;Tucumán;178,25;21,46; -   ;92,24;64,55; -   
2018;Buenos Aires;86.851,72;2.419,19;508,24;40.953,38;42.970,92; -   
2018;Catamarca;6.992,88;70,62;94,28;1.705,90;5.122,08; -   
2018;Chaco;3.067,45;78,9;1.046,60;230,4;1.711,55; -   
2018;Chubut;100,44;2,2;12,05;11,72;74,47; -   
2018;Ciudad Autónoma de Buenos Aires;0,04; -   ; -   ; -   ;0,04; -   
2018;Córdoba;20.826,31;2.549,00;300;3.934,50;14.042,81; -   
2018;Corrientes;434,01;48,5;74,5;5;306,01; -   
2018;Entre Ríos;4.899,00;3.369,00;1.245,00; -   ;285; -   
2018;Formosa;550,65; -   ; -   ;168,12;382,53; -   
2018;Jujuy;841,76;134,45;41,42;101,96;563,94; -   
2018;La Pampa;723.261,90;228.359,65;21.487,40;313.725,95;159.688,90; -   
2018;La Rioja;303; -   ; -   ;1;302; -   
2018;Mendoza;126.315,50;8.672,20;71,45;34.988,33;82.583,53; -   
2018;Misiones;765,5; -   ;7,5;22;736; -   
2018;Neuquén;2.825,54;1.046,40;13,63;564,74;1.200,77; -   
2018;Parques Nacionales;33.281,30;72,07;30;15.094,69;18.084,54; -   
2018;Río Negro;4.688,10;68,98;16,15;2.267,19;2.335,78; -   
2018;Salta;1.306,01; -   ;0,1;222,73;1.083,18; -   
2018;San Juan;565,5;10,5;4,5; -   ;550,5; -   
2018;San Luis;39; -   ; -   ; -   ;39; -   
2018;Santa Fe;1.686,00;116;55;64;1.451,00; -   
2018;Tierra del Fuego;2,75;0,04; -   ;0,23;2,49; -   
2018;Tucumán;1.801,86;0,4; -   ;59,7;1.741,76; -   
2019;Catamarca;398,95;50;1,55;101,59;245,81; -   
2019;Chubut;4.253,62;10,3;4.073,21;163,42;6,69; -   
2019;Ciudad Autónoma de Buenos Aires;0,02; -   ; -   ; -   ;0,02; -   
2019;Córdoba;4.297,76;671; -   ;3,5;3.623,26; -   
2019;Corrientes;13,69; -   ;2,2; -   ;11,49; -   
2019;Entre Ríos;246; -   ;42;1;203; -   
2019;Formosa;1.577,33; -   ; -   ;246,94;1.330,39; -   
2019;Jujuy;190,29;31,36;0,13;1,54;157,27; -   
2019;La Pampa;115.692,00;48.997,55; -   ;53.220,35;13.474,10; -   
2019;La Rioja;34; -   ; -   ; -   ;34; -   
2019;Mendoza;33.296,10;2.057,20; -   ;10.037,20;21.201,70; -   
2019;Misiones;53; -   ;3; -   ;50; -   
2019;Parques Nacionales;2.378,18;64,5; -   ;22;2.291,68; -   
2019;Río Negro;278,13;66,12;7,16;63,68;141,17; -   
2019;Santa Fé;540;23;8;32;477; -   
2019;Tierra del Fuego;2,16;0,03; -   ;0,05;2,08; -   
